name,skipass,rank(5),altmin(m),altmax(m),totalpistes(km),bluepistes(km),redpistes(km),blackpistes(km),lifts,lift_Aerial_tramway/reversible_ropeway,lift_Circulating_ropeway/gondola_lift,lift_Combined_installation_(gondola_and_chair),lift_Chairlift,lift_T-bar_lift/platter/button_lift_,lift_Rope_tow/beginner_lift,lift_Sunkid_Moving_Carpet,lift_Funicular,lift_People_mover,lift_Cog_railway,lift_Snow_caterpillars_for_Cat-skiing,season_open,season_close,lattitude,longitude
SkiWelt Wilder Kaiser-Brixental,,4.7,620,1957,284,122,129,33,90,,16,,35,18,21,15,,,,,2017-12-08,2018-04-08,47.4968179,12.1981654
St. Anton/St. Christoph/Stuben/Lech/Zürs/Warth/Schröcken – Ski Arlberg,Ski Arlberg,4.7,1270,2811,304,130,123,51,88,5,9,1,45,23,5,25,,,,,2017-12-01,2018-04-22,47.1574749,10.2130903
Saalbach Hinterglemm Leogang Fieberbrunn (Skicircus),Skicircus,4.6,830,2096,270,140,112,18,71,,28,,22,18,3,,,,,,2017-12-01,2018-04-08,47.3891062,12.6408585
Zillertal Arena – Zell am Ziller/Gerlos/Königsleiten/Hochkrimml,Zillertal Superski,4.6,580,2500,143,43,89,11,52,1,12,,21,14,4,4,,,,,2017-12-02,2018-04-15,47.2372724,11.8998671
Kitzbühel/Kirchberg – KitzSki,,4.8,800,2000,179,101,61,17,46,1,10,,28,7,,8,,,,,2017-10-14,2018-05-01,47.442905,12.389977
Ski Jewel Alpbachtal Wildschönau,,4.1,830,2025,93.1,25.9,53.7,13.5,45,,8,,7,23,7,2,,,,,2017-12-08,2018-04-08,47.3779345,11.957159
Schladming – Planai/Hochwurzen/Hauser Kaibling/Reiteralm (4-Berge-Skischaukel),Ski Amade,4.6,745,2015,122.7,46.1,68.3,8.3,44,1,8,1,20,14,,2,,,,,2017-11-24,2018-04-15,47.3690192,13.7260404
Mayrhofen – Penken/Ahorn/Rastkogel/Eggalm,Zillertal Superski,4.6,630,2500,136,40,63,33,44,2,6,1,17,12,6,13,,,,,2017-12-02,2018-04-15,47.1633023,11.860612
Flachau/Wagrain/Alpendorf – Snow Space Salzburg,Ski Amade,4.5,740,1980,115,30,81,4,43,2,9,,16,7,9,6,,,,,2017-12-02,2018-04-08,47.346112,13.3919349
Ischgl/Samnaun – Silvretta Arena,,4.7,1377,2872,238,47,142,49,41,3,4,,25,9,,4,,,,,2017-11-23,2018-05-01,47.0099295,10.2879654
Serfaus-Fiss-Ladis,,4.6,1200,2820,198,47,123,28,39,,11,,16,9,2,29,1,,,,2017-12-07,2018-04-15,47.0388615,10.6075789
Silvretta Montafon,,4.5,700,2430,113,60,45,8,37,2,8,,18,8,1,16,,,,,2017-12-01,2018-04-08,47.0220074,9.964784
Kaltenbach – Hochzillertal/Hochfügen (SKi-optimal),Zillertal Superski,4.7,600,2378,83,28.7,41.3,13,36,,5,,12,12,7,,,3,,,2017-12-02,2018-04-15,47.2891808,11.8729296
Hochkönig – Maria Alm/Dienten/Mühlbach,Ski Amade,4.4,800,1900,112,52,41,19,33,,4,1,9,17,2,3,,,,,2017-12-02,2018-04-08,47.4397392,12.8178662
Sölden,,4.7,1350,3340,144.2,70.2,44.6,29.4,31,,7,,15,8,,3,1,,,,2017-09-09,2018-05-01,46.9654937,11.0076232
Nassfeld – Hermagor,,4.1,600,2002,110,30,69,11,30,,5,,9,10,6,,,,,,2017-12-07,2018-04-08,46.6266671,13.3716344
Obertauern,,4.2,1630,2313,100,61,35,4,26,,1,1,18,6,,5,,,,,2017-11-22,2018-05-01,47.2517317,13.5471809
Schmittenhöhe – Zell am See,,4.3,760,2000,77,30,28,19,25,2,6,,10,4,3,2,,,,,2017-12-01,2018-04-08,47.2999602,12.7884856
Bad Kleinkirchheim/St. Oswald,,3.8,1087,2055,103,18,77,8,24,,4,,7,10,3,4,,,,,2017-12-07,2018-04-02,46.8134071,13.7989223
Dachstein West – Gosau/Russbach/Annaberg,,4,780,1620,51,15,33,3,23,,3,,8,12,,13,,,,,2017-12-02,2018-04-02,47.5385262,13.4771393
Stubai Glacier (Stubaier Gletscher),,4.1,1697,3212,38,19,15,4,22,,5,,7,8,2,4,,,,,2017-09-16,2018-06-03,47.0106291,11.1550482
Obergurgl-Hochgurgl,,4.3,1793,3082,110,35,55,20,22,,8,,7,6,1,6,,,,,2017-11-16,2018-04-22,46.8702519,11.0269261
Hintertux Glacier (Hintertuxer Gletscher),Zillertal Superski,4,1500,3250,60,14,35,11,20,,6,,6,7,1,2,,,,,,,47.0613072,11.6675254
Bad Gastein/Bad Hofgastein – Schlossalm/Angertal/Stubnerkogel,Ski Amade,4.2,860,2300,86,30.6,52.8,2.6,20,1,5,,9,3,1,6,1,,,,2017-12-02,2018-04-08,47.1326274,13.0818477
Wildkogel – Neukirchen/Bramberg,,4.1,820,2150,64,29,25,10,19,,5,,4,5,5,5,,,,,2017-12-08,2018-04-08,47.254337,12.280783
Damüls Mellau,,4.2,690,2050,79.4,29.7,48,1.7,19,,2,,13,2,2,6,,,,,2017-12-02,2018-04-08,47.3014149,9.8890125
Kitzsteinhorn – Kaprun,,4.1,,1978,41,13,25,3,17,1,4,1,5,5,,,1,,,,2017-09-30,2018-07-22,47.1833333,12.6833333
St. Johann in Tirol/Oberndorf – Harschbichl,,3.9,659,1604,43,16,24,3,17,,4,,5,4,4,3,,,,,2017-12-08,2018-04-01,47.5168217,12.4268365
Großarltal/Dorfgastein,Ski Amade,4.1,850,2033,70.1,25.5,43.1,1.5,17,,5,,8,3,1,3,,,,,2017-12-01,2018-04-08,47.2447869,13.1099846
Tauplitz – Bad Mitterndorf,,4,,896,43,18,19,6,16,,1,,4,9,2,3,,,,,2017-12-02,2018-04-08,47.5611157,14.0118664
Katschberg,,4.1,1066,2220,70,10,50,10,16,,2,,6,8,,1,,,,,2017-12-02,2018-04-08,47.0591777,13.6155855
Gerlitzen,,3.7,,1000,41.6,10.5,27.8,3.3,15,,1,,7,5,2,3,,,,,2017-12-01,2018-04-03,46.6941667,13.9166667
Zauchensee/Flachauwinkl,Ski Amade,4.1,1000,2176,44,23.5,16.2,4.3,15,,3,,6,5,,1,1,,,,2017-12-02,2018-04-15,47.2908432,13.4577243
Hinterstoder – Höss,,3.9,600,2000,40,12,18,10,14,,2,,2,7,3,5,,,,,2017-12-01,2018-04-08,47.699155,14.1566449
Turracher Höhe,,4.1,1400,2205,42,14,24.5,3.5,14,,,1,5,7,1,4,,,,,2017-12-02,2018-05-01,46.914444,13.875
Walmendingerhorn/Heuberg – Mittelberg/Hirschegg,,3.4,1070,1946,20.7,7.6,12.6,0.5,14,1,,1,4,7,1,2,,,,,2017-12-22,2018-04-08,47.326717,10.128402
Brandnertal – Brand/Bürserberg,,3.8,904,2000,55,22,30,3,14,1,2,,6,5,,1,,,,,2017-12-01,2018-04-02,47.1166667,9.75
Fellhorn/Kanzelwand – Oberstdorf/Riezlern,,3.9,920,1967,34,13,19,2,14,2,2,,6,3,1,3,,,,,2017-12-09,2018-04-08,47.3523003,10.2627678
Großglockner Resort Kals-Matrei,,4.1,933,2422,37,8.5,22.5,6,13,,3,,5,5,,4,,,,,2017-12-02,2018-04-08,47.010059,12.623672
Kreischberg,,3.9,868,2118,42,17,16,9,13,,3,,4,4,2,1,,,,,2017-12-02,2018-04-02,47.099277,14.0853201
Steinplatte/Winklmoosalm – Waidring/Reit im Winkl,,4,740,1860,42,18,22,2,13,,2,,9,2,,1,,,,,2017-11-25,2018-04-08,47.6,12.5833332
Bödele – Schwarzenberg,,,700,1467,18.5,10.2,7.2,1.1,12,,,,1,10,1,,,,,,2017-12-02,2018-04-02,47.420748,9.8082435
Ramsau am Dachstein – Rittisberg,,3.3,1035,1636,25,14,10,1,12,,,,1,8,3,1,,2,,,2017-12-08,2018-04-02,47.422485,13.623573
Berwang/Bichlbach/Rinnen,,3.7,1067,1743,36,24.5,10,1.5,12,,,1,3,7,1,3,,,,,2017-12-16,2018-04-08,47.421407,10.793165
Markbachjoch/Lanerköpfl – Niederau,,,828,1621,24,6,12,6,12,,1,,1,7,3,,,,,,,,,
Grossglockner Heiligenblut,,3.6,1301,2989,55,20,34,1,12,1,3,,1,6,1,1,,,,,2017-12-08,2018-04-08,47.0741851,12.6946761
Nauders am Reschenpass – Bergkastel,,3.9,1400,2850,71,24,34,13,12,,1,,5,6,,5,,,,,2017-12-15,2018-04-08,46.8888227,10.5002019
Hochoetz – Oetz,,3.7,,1410,36,12,21,3,12,,2,,6,4,,3,,,,,2017-12-15,2018-04-14,47.199995,10.903166
Christlum – Achenkirch,,3.4,950,1800,27,6,16,5,11,,,,4,4,3,2,,,,,2017-12-09,2018-04-08,47.513096,11.697299
Hochkössen (Unterberghorn) – Kössen,,3.1,619,1690,22,10,9,3,11,,1,,3,4,3,,,,,,2017-12-09,2018-04-02,47.62056,12.43611
Kühtai,,3.9,1938,2520,41,6,26.2,8.8,11,,1,,5,4,1,1,,,,,2017-11-24,2018-04-15,47.212976,11.0025622
Rosshütte – Seefeld,,3.6,1230,2064,18.3,11.4,5.9,1,11,2,,,3,3,2,3,1,,,,2017-12-02,2018-04-02,47.3344996,11.1962629
Kasberg – Grünau im Almtal,,,620,1600,21,11,9,1,10,,2,,1,7,,3,,,,,2017-12-01,2018-04-02,47.8302409,13.9890375
Galtür – Silvapark,,4,1600,2300,43,6,25,12,10,,2,,2,5,1,3,,,,,2017-12-08,2018-04-15,46.9682751,10.1869791
Grosseck/Speiereck – Mauterndorf/St. Michael,,3.7,1095,2400,50,26,17,7,10,,2,,4,4,,2,,,,,2017-12-08,2018-04-08,47.1418734,13.6622247
Rauriser Hochalmbahnen – Rauris,,3.7,940,2175,32.5,15,12.5,5,10,,3,,1,4,2,,,,,,2017-12-15,2018-04-08,47.223734,12.991193
Zugspitze,,3,,2000,20,7,13,0,10,3,,,2,4,,,,,1,,2017-11-17,2018-05-01,47.421066,10.9853652
Axamer Lizum,,3.7,1580,2340,30,7,21,2,10,,,,6,3,,,1,,,,2017-12-02,2018-04-08,47.19569,11.30265
Lofer – Loferer Alm (Almenwelt Lofer),,3.7,640,1670,46,32,12,2,10,,2,,3,3,2,1,,,,,2017-12-02,2018-04-06,47.5881901,12.691229
Lachtal,,3.7,1600,2222,25,7,16,2,9,,,,2,6,1,1,,,,,2017-12-02,2018-04-02,47.1894654,14.346014
Gaissau-Hintersee,,,750,1567,34,23.5,10,0.5,9,,,,3,5,1,,,,,,2017-12-16,2018-04-02,47.7027241,13.216392
Stuhleck – Spital am Semmering,,,777,1774,24,18,6,0,9,,,,4,5,,1,,,,,2017-11-25,2018-04-02,47.5666667,15.7833333
Werfenweng,,3.5,902,1834,27,11,15,1,9,,2,,2,5,,2,,,,,2017-12-02,2018-04-08,47.4615959,13.2568035
Goldeck – Spittal an der Drau,,,550,2142,25,8,9.5,7.5,9,1,1,,2,4,1,1,,1,,,2017-12-15,2018-04-02,46.790632,13.4850261
Hochzeiger – Jerzens,,4,1450,2450,40,10,22,8,9,,1,,4,4,,7,,,,,2017-12-01,2018-04-14,47.15,10.8
Schlick 2000 – Fulpmes,,3.6,1000,2240,22,12,6.8,3.2,9,,2,,3,4,,4,,,,,2017-12-02,2018-04-08,47.155613,11.343633
Loser – Altaussee,,3.7,850,1770,33,18,12,3,9,,,,4,3,2,1,,,,,2017-12-02,2018-04-02,47.65,13.7666667
Sonnenkopf – Klösterle,,3.5,1000,2300,29.5,12.8,15.9,0.8,9,,1,,4,3,1,,,2,,,2017-12-08,2018-04-15,47.1286493,10.0559643
Moelltal Glacier (Mölltaler Gletscher),,3.7,,2108,17.4,5.2,7.2,5,9,,1,,5,2,,,1,,,,2017-06-15,2018-05-13,47.0273308,13.0088571
Golm,,3.7,650,2110,26.5,13,12,1.5,9,,3,,4,1,1,2,,,,,2017-12-08,2018-04-08,52.4038381,12.9573975
Flachauwinkl/Kleinarl (Shuttleberg),Ski Amade,3.7,1000,1980,28,19,7,2,9,,,,7,,2,2,,,,,2017-12-08,2018-04-08,47.296703,13.392355
Simonhöhe – St. Urban,,,990,1340,13,8.5,4,0.5,8,,,,,7,1,1,,,,,2017-12-08,2018-03-18,46.7760328,14.1662211
Forsteralm – Waidhofen an der Ybbs,,,720,1078,16,10,4,2,8,,,,1,6,1,,,,,,2017-12-08,2018-03-25,47.899855,14.755866
Gschwandtkopf – Seefeld,,3.2,1200,1500,5,5,0,0,8,,,,1,6,1,2,,,,,2017-12-08,2018-04-02,47.3246803,11.1789089
Filzmoos,Ski Amade,,1057,1645,13,6,6,1,8,,1,,2,5,,,,3,,,2017-12-08,2018-04-08,47.4347177,13.5218317
Kaunertal Glacier (Kaunertaler Gletscher),,3.7,2180,3108,20.8,13,5.1,2.7,8,,1,,2,5,,1,,,,,2017-09-22,2018-05-21,47.0297558,10.7472147
Buchensteinwand (Pillersee) – St. Ulrich am Pillersee/St. Jakob in Haus/Hochfilzen,,3.3,855,1456,19.5,9.3,7.7,2.5,8,,,,2,4,2,3,,,,,2017-12-08,2018-04-02,47.5010383,12.5715995
Diedamskopf – Schoppernau,,3.7,820,2060,40,13,18,9,8,,2,,2,4,,4,,,,,2017-12-16,2018-04-02,47.317275,10.008271
Feuerkogel – Ebensee,,3.3,443,1625,10,4,5,1,8,1,1,,1,4,1,1,,,,,2017-12-16,2018-04-02,47.81457,13.7210627
Gargellen,,3.7,1423,2300,28.1,20.8,5.3,2,8,,1,,3,4,,1,,,,,2017-12-08,2018-04-15,46.9726367,9.9196445
Weißsee – Uttendorf,,,1482,2600,23,6,15,2,8,,2,,2,4,,,,1,,,2017-12-08,2018-04-22,47.1317278,12.6201306
Ötscher – Lackenhof (Gaming),,,812,1426,19,7,8,4,8,,,,3,3,2,1,,,,,2017-12-02,2018-03-18,47.8696028,15.1504629
Radstadt/Altenmarkt,Ski Amade,4,858,1571,17,9.2,7.2,0.6,8,,3,,2,3,,2,,,,,2017-12-16,2018-04-02,47.3722905,13.4665716
Hochkar – Göstling,,,1380,1808,19,5.5,10,3.5,8,,,,6,2,,2,,,,,2017-12-02,2018-04-08,47.718465,14.918329
Spieljoch – Fügen,,3.6,630,2037,21.1,3.6,14.8,2.7,8,,3,,2,2,1,3,,,,,2017-12-22,2018-04-08,47.3383662,11.8429566
Kitzbüheler Horn,,,800,2000,17,6,9,2,8,1,2,,4,1,,1,,,,,,,47.4666667,12.4166667
Lermoos – Grubigstein,,4,1004,2100,27.3,12.8,12.6,1.9,8,,3,,4,1,,5,,,,,2017-12-08,2018-04-08,47.3915983,10.8678638
Arnoldstein – Dreiländereck,,,680,1600,17,5.7,7.6,3.7,8,,,,,,,,,,,,,,46.541506,13.714389
Innerkrems – Kremsbrücke (Krems in Kärnten),,,1550,2200,36,7,27,2,8,,,,,,,,,,,,,,46.96858,13.726
Alberschwende – Brüggelekopf/Dresslerberg/Tannerberg,,,720,1200,18,5,13,0,7,,,,1,6,,,,,,,2017-12-16,2018-04-02,47.4505375,9.838051
Alpl – Krieglach,,,1000,1280,8,2,5,1,7,,,,,6,1,,,,,,,,47.50287,15.63949
Weinebene – Frantschach-Sankt Gertraud,,,1580,1886,18,7,9,2,7,,,,,6,1,1,,,,,2017-12-08,2018-03-25,46.8689895,14.9328413
Fageralm – Forstau,Ski Amade,,930,1885,15,7,8,0,7,,,,2,5,,,,1,,,2017-12-22,2018-04-08,47.377708,13.546078
Fendels,,,,1325,10.6,6.1,3.5,1,7,,1,,1,5,,,,,,,2017-12-16,2018-04-08,47.0541303,10.6767009
Grebenzen – St. Lambrecht,,2.9,1010,1870,12.2,2.9,9,0.3,7,,,,1,5,1,,,,,,2017-12-02,2018-04-02,47.072714,14.310545
Hochrindl – Sirnitz,,,1540,1886,20.6,5.4,11.4,3.8,7,,,,1,5,1,1,,,,,2017-12-08,2018-03-11,46.8638473,13.9992432
Salzstiegl – Hirschegg,,,1320,1710,12,6,4,2,7,,,,,5,2,,,,,,2017-12-08,2018-04-02,47.063343,14.878541
Jungholz,,3.3,1058,1500,10,7,3,0,7,,,,2,4,1,3,,,,,2017-11-18,2018-04-02,47.5738729,10.4470548
Karwendel Bergbahn (Zwölferkopf) – Pertisau,,2.9,960,1510,12,6,6,0,7,,1,,,4,2,1,,,,,2017-12-20,2018-04-02,47.4371921,11.6968594
Niedere – Andelsbuch/Bezau,,,655,1715,10,5,4,1,7,1,,,2,4,,1,,,,,2017-12-22,2018-03-11,47.4014529,9.935983
Zahmer Kaiser – Walchsee,,3.1,660,1200,13,11,2,0,7,,,,1,4,2,3,,,,,2017-12-08,2018-04-02,47.637728,12.287768
Glungezer – Tulfes,,3.2,950,2304,23,7,15.5,0.5,7,,,,2,3,2,1,,,,,2017-12-16,2018-04-03,47.2,11.5333333
Krippenstein – Obertraun,,,609,2109,12,5,7,0,7,3,,,1,3,,,,1,,,2017-12-08,2018-04-02,47.5264696,13.6892327
See,,3.7,1040,2456,41,8,25,8,7,,2,,2,3,,,,2,,,2017-12-15,2018-04-06,40.028521,-75.1749671
St. Jakob im Defereggental – Brunnalm,,3.8,1400,2525,17,4.7,11.1,1.2,7,,1,,2,3,1,2,,,,,2017-12-08,2018-04-08,46.9160069,12.3278347
Venet – Landeck/Zams/Fliess,,3.5,780,2212,22,6,15,1,7,1,,,3,3,,1,,,,,2017-12-15,2018-04-02,47.1456943,10.6259467
Walmendingerhorn – Mittelberg,,3.3,1200,1946,8.4,1,7.4,0,7,1,,,3,3,,1,,,,,,,47.326717,10.128402
Wurzeralm – Spital am Pyhrn,,3.4,810,1870,22,10,10,2,7,,,,2,3,1,1,1,,,,2017-12-08,2018-04-02,47.6491316,14.2937506
Zettersfeld – Lienz,,,,1660,21,7.9,11.5,1.6,7,,1,,3,3,,,,,,,2017-12-08,2018-04-02,46.841748,12.775955
Ehrwalder Alm – Ehrwald,,3.8,1112,1923,27.5,18.1,7.4,2,7,,1,,3,2,1,1,,,,,2017-12-16,2018-04-08,47.3836855,10.9731228
Sillian – Thurntaler (Hochpustertal),,3.8,1100,2407,21.7,5.6,15,1.1,7,,2,,3,1,1,1,,,,,2017-12-08,2018-04-02,46.7506818,12.4332109
Königsberg – Hollenstein an der Ybbs,,,715,1078,14,7,5,2,6,,,,,5,1,,,,,,2017-12-08,2018-03-18,47.797222,14.858889
Schetteregg – Egg,,3,1070,1325,10,3,6,1,6,,,,1,5,,2,,,,,2017-12-01,2018-03-18,47.414614,9.98168
Koralpe,,,1522,2070,24,10,11,3,6,,,,1,4,1,1,,,,,2017-12-08,2018-04-02,46.77693,14.92272
Laterns – Gapfohl,,3.3,1040,1785,27,8,15,4,6,,,,2,4,,1,,,,,2017-12-02,2018-04-02,47.2745274,9.7592289
Klippitztörl,,,1460,1818,28,18,10,0,6,,,,2,3,1,,,,,,2017-12-02,2018-04-02,46.9366667,14.675
Petzen – Feistritz ob Bleiburg,,,650,1900,13.7,7.2,5.9,0.6,6,,1,,1,3,1,1,,,,,2017-12-02,2018-04-02,46.5166667,14.75
Hochficht,,,933,1338,20,9,10,1,6,,1,,3,2,,2,,,,,2017-12-02,2018-04-02,48.7333333,13.9166667
Kappl,,3.7,1180,2690,40,10,25,5,6,,1,,3,2,,4,,,,,2017-12-16,2018-04-08,47.063371,10.3757623
Pitztal Glacier (Pitztaler Gletscher),,3.8,,2685,20.7,3.8,16.2,0.7,6,,2,,1,2,,1,1,,,,2017-09-16,2018-04-22,46.958634,10.871306
Rifflsee,,3.5,1640,2800,18.4,9.5,4.5,4.4,6,,1,,3,2,,3,,,,,2017-12-08,2018-04-08,46.9652236,10.8487547
Mönichkirchen/Mariensee,,,870,1450,13.5,5.5,6,2,6,,,,3,1,2,,,,,,2017-12-08,2018-03-25,47.516911,16.0049339
Hochkeil am Hochkönig,,,1340,1783,8,3,3,2,5,,,,,5,,,,,,,,,47.4027101,13.1414119
Hohentauern,,,1230,1700,9.5,3,6,0.5,5,,,,,5,,,,1,,,2017-12-16,2018-04-02,47.4335842,14.4842765
Heidialm Skipark – Falkert,,,1700,2300,12,3,8,1,5,,,,,4,1,3,,,,,2017-12-16,2018-04-08,46.8643749,13.826795
Karkogel – Abtenau,,,712,1200,12,6,4,2,5,,,1,,4,,,,,,,2017-12-08,2018-03-25,47.5558235,13.3502922
Naggler Alm – Techendorf (Weissensee),,,930,1324,6,3.5,2.5,0,5,,,,1,4,,2,,,,,2017-12-22,2018-03-04,46.6990265,13.312793
Obertilliach – Golzentipp,,,1430,2248,12.2,3.4,7.8,1,5,,1,,,4,,,,,,,2017-12-16,2018-04-08,46.7343065,12.6036748
Postalm am Wolfgangsee,,,1150,1450,8,5,2,1,5,,,,1,4,,1,,,,,2017-12-16,2018-04-02,47.716934,13.483345
Ankogel – Mallnitz,,3.3,1267,2637,12.8,2.8,5,5,5,2,,,,3,,1,,,,,2017-12-23,2018-04-02,47.0276463,13.1947429
Biberwier – Marienberg,,3.4,1000,1820,9,4.8,4.2,0,5,,,,2,3,,1,,,,,2017-12-15,2018-04-02,47.3738136,10.8913602
Dachstein Glacier (Dachsteingletscher),,3,,2264,5,0,4,1,5,1,,,1,3,,,,2,,,2017-09-30,2017-12-03,47.4751344,13.6056386
Fanningberg,,3.3,1497,2115,24,11.1,5.8,7.1,5,,,,2,3,,1,,,,,2017-12-02,2018-04-08,47.1668227,13.6664158
Hochlecken – Neukirchen (Altmünster),,,870,1150,4,2,1,1,5,,,,,3,2,,,,,,2017-12-22,2018-03-18,47.8473579,13.6668387
Neunerköpfle – Tannheim,,3,1173,1820,8.5,2.5,5,1,5,,1,,1,3,,1,,,,,2017-12-15,2018-04-02,47.482222,10.542778
Niederalpl – Mürzsteg (Neuburg an der Mürz),,,1220,1460,12,4,8,0,5,,,,1,3,1,,,,,,2017-12-08,2018-03-18,47.6833333,15.3833333
Patscherkofel – Innsbruck-Igls,,,1009,1965,18,5,9,4,5,,1,,,3,1,1,,,,,2017-12-15,2018-04-02,47.2166667,11.4666667
Reither Kogel – Reith im Alpbachtal,,,670,1280,4,1,3,0,5,,1,,,3,1,,,,,,,,47.3965961,11.8730229
Annaberg,,,896,1334,12.5,8,2.5,2,5,,,,2,2,1,2,,,,,2017-12-08,2018-03-25,50.578587,13.0075835
Bergeralm – Steinach am Brenner,,3.7,1048,2140,29,10,10,9,5,,1,1,1,2,,2,,,,,2017-11-25,2018-04-08,47.086982,11.459724
Bürgeralpe – Mariazell,,,864,1267,11,5.5,3.5,2,5,1,,,2,2,,,,,,,2017-12-08,2018-03-18,47.7867506,15.3286598
Hahnenkamm – Höfen/Reutte,,3.3,854,1900,16,5,9,2,5,,1,,1,2,1,,,,,,2017-12-16,2018-04-02,47.4741271,10.6623569
Planneralm – Donnersbach,,,1600,2200,15,2,11,2,5,,,,2,2,1,2,,,,,2017-12-08,2018-04-08,47.403926,14.202035
Rangger Köpfl – Oberperfuss,,3.2,820,2000,13,7,4,2,5,,2,,,2,1,,,,,,2017-12-22,2018-04-02,47.2333333,11.1833333
Gerlosstein/Ramsberg – Hainzenberg,,2.7,,929,10,1,8,1,5,1,,,2,1,1,,,1,,,,,47.1987253,11.9044027
Riesneralm – Donnersbachwald,,3.8,950,1820,30,15,12,3,5,,,,3,1,1,3,,,,,2017-12-01,2018-04-08,47.3681826,14.1004629
Füssener Jöchle – Grän,,3,1150,1821,9,3,5.5,0.5,5,,,,,,,,,,,,,,47.5136651,10.596142
Hochhäderich – Hittisau,,,1250,1600,10.5,3.5,5,2,5,,,,,,,,,,,,,,47.48789,9.9881172
Krinnenalpe – Nesselwängle,,,1150,1671,13,5,7,1,5,,,,,,,,,,,,,,47.4797691,10.5885226
Nordkette – Innsbruck,,3.2,,860,13.9,0.5,13,0.4,5,2,,,2,,,,1,1,,,2017-12-02,2018-04-15,47.3,11.35
Präbichl – Vordernberg,,,1100,1608,20,6,11,3,5,,,,,,,,,,,,,,47.52227,14.95149
Hoislifts – Modriach (Edelschrott),,,1000,1230,6,5,1,0,4,,,,,4,,2,,,,,,,46.946629,15.078478
Josefsberg – Mitterbach am Erlaufsee,,,1012,1240,4,1.5,2,0.5,4,,,,,4,,,,,,,,,47.833333,15.3
Rieseralm – Obdach,,,1310,1520,10.5,4,6,0.5,4,,,,,4,,,,,,,2017-12-16,2018-03-18,47.0947658,14.6112182
St. Martin im Tennengebirge,,,1000,1200,5,3,2,0,4,,,,,4,,1,,,,,,,47.46413,13.38102
Unterberg – Pernitz,,,710,1342,16,11,5,0,4,,,,,4,,1,,,,,2017-12-08,2018-03-18,47.9344277,15.8220139
Brunnalm/Hohe Veitsch – Veitsch (St. Barbara im Mürztal),,,1100,1500,9,3,4,2,4,,,,1,3,,,,,,,,,47.6325932,15.4243961
Buchberg – Goldegg,Ski Amade,,832,1225,5,4,1,0,4,,,,,3,1,,,,,,2017-12-22,2018-03-18,47.3037786,13.0506062
Bürgeralm – Aflenz,,,810,1810,9,8,1,0,4,,,,1,3,,,,,,,2017-12-08,2018-04-02,47.5701438,15.230464
Emberger Alm – Berg im Drautal,,,1600,2150,10,5,4,1,4,,,,,3,1,,,,,,2017-12-16,2018-04-01,46.7845162,13.1466593
Heutal – Unken,,2.6,970,1531,11,6,5,0,4,,,,,3,1,,,,,,2017-12-22,2018-04-02,47.6627,12.66064
Hochlitten – Riefensberg,,,1000,1200,3,1,2,0,4,,,,,3,1,,,,,,2017-12-02,2018-04-02,47.5082624,9.9664894
Hochwechsellifts – Mönichwald,,,1000,1300,5.5,1.5,4,0,4,,,,,3,1,,,,,,,,47.481539,15.8794071
Serles – Mieders,,,960,1674,5.7,2.2,3.5,0,4,,1,,,3,,,,1,,,2017-12-08,2018-03-18,47.1333333,11.3833333
St. Jakob im Walde,,,1000,1200,4,1,3,0,4,,,,,3,1,,,,,,2017-12-08,2018-03-12,47.4663258,15.788746
Stoderzinken – Gröbming,Ski Amade,,1700,1975,8,4,3,1,4,,,,,3,1,1,,,,,2017-12-22,2018-04-08,47.4473589,13.8584352
Vent,,,1890,2680,15,5,10,0,4,,,,1,3,,2,,,,,2017-12-22,2018-04-07,41.8546093,-87.7364491
Zinkenlifte – Dürrnberg (Hallein),,,837,1330,8,2,5.5,0.5,4,,,,1,3,,,,,,,2017-12-22,2018-03-18,47.681623,13.0927411
Alpe Furx – Furx (Zwischenwasser),,,900,1200,2.5,2,0.5,0,4,,,,,2,2,,,,,,2017-12-22,2018-03-18,47.2757825,9.6931395
Faschina (Fontanella),,,1450,1980,8.4,5.9,2.5,0,4,,,,2,2,,,,,,,2017-12-23,2018-04-15,47.2682744,9.9008629
Galsterberg – Pruggern,Ski Amade,,1000,1976,12,4,7,1,4,,1,,1,2,,1,,,,,2017-12-01,2018-04-08,47.4052995,13.8637838
Gemeindealpe – Mitterbach am Erlaufsee,,,800,1626,15.5,7,7,1.5,4,,,,2,2,,1,,,,,2017-12-08,2018-03-18,47.8,15.2333333
Hahnbaum – St. Johann im Pongau,,,619,1128,3.4,0.2,3.2,0,4,,,,1,2,1,,,,,,,,47.340739,13.22545
Hirnkopf – Flattnitz (Glödnitz),,,1400,1840,13,7,2,4,4,,,,1,2,1,1,,,,,2017-12-08,2018-03-18,46.9327563,14.0113831
Hochstein – Lienz,,2.7,686,1988,16,0.5,11.3,4.2,4,,,1,1,2,,,,,,,2017-12-22,2018-03-11,46.841748,12.775955
Kelchsau,,2.8,775,1605,10.9,6.8,4.1,0,4,,,,1,2,1,,,,,,2017-12-22,2018-04-02,47.39238,12.1349701
Kellerjoch – Schwaz,,2.8,,857,10,5.5,2.4,2.1,4,,,,2,2,,2,,,,,2017-12-23,2018-04-02,47.3166667,11.7666667
Kötschach-Mauthen,,,710,1300,7,5,2,0,4,,,,1,2,1,,,,,,2017-12-16,2018-03-11,46.6711385,12.9994368
Niederthai (Umhausen),,,1500,1680,4,2,2,0,4,,,,,2,2,,,,,,,,47.12606,10.9692
Schattwald/Zöblen,,,1090,1565,10.3,4.5,3.7,2.1,4,,,,2,2,,,,,,,2017-12-08,2018-04-02,47.5136584,10.4609944
Wetterstein lifts (Wettersteinbahnen) – Ehrwald,,3.4,1000,1530,23,15,5,3,4,,,,2,2,,5,,,,,2017-12-15,2018-03-25,47.40709,10.9289776
Hoch-Imst – Imst,,,1053,2026,9,4,3,2,4,,,,2,1,1,4,,,,,2017-12-08,2018-03-18,47.24146,10.72304
Ifen,,3.2,1280,2030,19,10.6,6.2,2.2,4,,2,,1,1,,,,,,,2017-12-23,2018-04-08,48.1715905,11.8088589
Monte Popolo – Eben im Pongau,,3.3,862,1612,6,4,2,0,4,,,,2,1,1,,,,,,2017-12-16,2018-04-02,47.4022808,13.4001673
Muttereralmpark – Mutters/Götzens,,3.5,920,1800,16,7,8,1,4,,2,,1,1,,2,,,,,2017-12-08,2018-04-02,47.2226375,11.3659473
Bazora – Gurtis/Frastanz,,,900,1400,5,2,2,1,4,,,,,,,,,,,,,,47.1927703,9.6263728
Göllerlifts – Gscheid (St. Aegyd am Neuwalde),,,1000,1400,4,1,3,0,4,,,,,,,,,,,,,,47.8133513,15.4573121
Pfänder – Bregenz,,,421,1064,3,3,0,0,4,,,,,,,,,,,,,,47.5077869,9.7801581
Rofan – Maurach,,2.9,980,1840,11,1,8,2,4,1,,,2,,1,2,,,,,2017-12-22,2018-04-02,47.4458996,11.7645657
Aichelberglifts – Karlstift (Bad Großpertholz),,,900,1050,8,4,2.5,1.5,3,,,,,3,,,,,,,2017-12-08,2018-03-11,48.5961282,14.7513118
Kaiserau – Admont,,,1130,1370,3,2,1,0,3,,,,,3,,2,,,,,2017-12-16,2018-03-18,47.5422753,14.4716206
Kirchschlag bei Linz,,,750,900,3,2,1,0,3,,,,,3,,,,,,,,,48.4129959,14.2763981
Raggal,,,960,1300,7,4,3,0,3,,,,,3,,1,,,,,2017-12-08,2018-03-18,47.2118557,9.8366541
Schwabenbergarena – Turnau,,,780,1150,10,1,6,3,3,,,,,3,,,,,,,2017-12-07,2018-03-18,47.552143,15.34893
Seeberg – Seewiesen (Turnau),,,1100,1410,6,3,2,1,3,,,,,3,,,,,,,2017-12-09,2018-03-18,47.6259173,15.2823281
Teichalm – Fladnitz,,,1200,1450,4,1,2,1,3,,,,,3,,1,,,,,2017-12-08,2018-03-11,47.2852184,15.4779639
Turmkogel – Puchenstuben,,,870,1150,3.5,2,1.5,0,3,,,,,3,,1,,,,,2017-12-16,2018-03-11,47.9095897,15.2854085
Wachtberglifts – Weyregg am Attersee,,,482,823,4,2,2,0,3,,,,,3,,,,,,,,,47.8887885,13.5809265
Weissbriach (Gitschtal),,,820,1150,4,1,3,0,3,,,,,3,,,,1,,,2017-12-22,2018-03-18,46.6868257,13.2531933
Elfer – Neustift,,,981,2080,7,0,7,0,3,,1,,,2,,1,,,,,2017-12-02,2018-04-02,47.110918,11.31241
Furtnerlifts – Rohr im Gebirge,,,800,927,3.9,1.5,1.5,0.9,3,,,,,2,1,,,,,,,,47.90815,15.772033
Hinterreit – Saalfelden am Steinernen Meer,,,780,1125,5,3,2,0,3,,,,,2,1,,,,,,,,47.401196,12.888079
Hirschegger Dorflifte,,,900,1200,3,2.5,0.5,0,3,,,,,2,1,,,1,,,,,,
Hochmoos – Leutasch,,,1100,1360,8,4,3,1,3,,,,1,2,,,,,,,,,47.3659717,11.1676332
Kristberg – Silbertal,,3,889,1589,4.5,3,1.5,0,3,1,,,,2,,1,,,,,2017-12-15,2018-04-08,47.107596,9.98338
Lammeralm – Langenwang,,,980,1230,8.8,2.9,3.7,2.2,3,,,,1,2,,,,1,,,,,47.5891149,15.5952569
Schneeberg-Hagerlifte – Mitterland (Thiersee),,2.4,800,1000,3,0.8,2.1,0.1,3,,,,,2,1,1,,,,,2017-12-22,2018-03-18,47.5897289,12.0971415
Schönfeld – Thomatal,,,1740,2100,3,0.5,2.5,0,3,,,,,2,1,,,,,,,,46.9867018,13.7740575
Sonnberglifts – Wald am Schoberpass,,,850,1200,12,4,5,3,3,,,,,2,1,,,,,,2017-12-22,2018-03-18,47.4519248,14.6728442
St. Oswald (Kartitsch),,,1356,1820,4,1,3,0,3,,,,,2,1,,,1,,,,,46.7369,12.48
Steinberg am Rofan,,,1050,1250,1,1,0,0,3,,,,,2,1,,,,,,2017-12-22,2018-03-18,47.5150961,11.7968321
Wenigzell,,,940,1140,2,2,0,0,3,,,,,2,1,,,,,,,,47.426154,15.785673
Gaaler Lifte – Gaal,,,860,1230,6,3,2,1,3,,,,1,1,1,,,,,,2017-12-08,2018-03-25,47.266062,14.688689
Graukogel – Bad Gastein,Ski Amade,,1079,2007,11.9,3.5,6.4,2,3,,,,2,1,,,,,,,2017-12-22,2018-04-02,47.0972548,13.1714428
Hauereck – St. Kathrein am Hauenstein,,,1000,1305,5,2,2,1,3,,,,1,1,1,1,,,,,2017-12-08,2018-03-11,47.518616,15.6932775
Hausberglift – Waidring,,2.4,800,900,1.5,1.5,0,0,3,,,,,1,2,,,,,,,,47.587591,12.5644004
Kirchdorf,,2.7,640,780,5,3,2,0,3,,,,1,1,1,1,,,,,2017-12-16,2018-03-18,47.5573206,12.4474459
Knittellifte – Elbigenalp,,,1040,1140,2,1.5,0.5,0,3,,,,,1,2,,,,,,2017-12-18,2018-03-11,47.2845797,10.4155846
Maiskogel – Kaprun,,3.3,769,1733,20,14,5,1,3,,,,2,1,,1,,,,,2017-12-16,2018-04-02,47.273909,12.7573469
Nagelköpfl – Piesendorf,,,785,900,2,0.5,1.5,0,3,,,,,1,2,,,,,,2017-12-22,2018-03-11,47.2912969,12.6835104
Salamander – Puchberg am Schneeberg,,,810,1210,7.8,3.8,4,0,3,,,,1,1,1,1,,,,,2017-12-16,2018-03-25,47.7902578,15.9105658
Sportgastein,Ski Amade,,1590,2686,18.2,3.5,13.2,1.5,3,,2,,,1,,,,,,,2017-12-22,2018-04-15,47.06446,13.05954
Stanzach,,,940,1049,0.5,0.5,0,0,3,,,,,1,2,,,,,,2017-12-22,2018-03-18,47.3830235,10.5610272
Zauberberg Semmering,,3.2,985,1350,14,6.7,6.5,0.8,3,,1,,1,1,,,,,,,2017-12-08,2018-03-25,47.6314723,15.8294229
Fischbach,,,1060,1120,1.2,0.9,0.3,0,3,,,,,,,,,,,,,,49.4547325,7.9115208
Kluglifte Hebalm – Rettenbach (Deutschlandsberg),,,1350,1450,4,3,1,0,3,,,,,,,,,,,,,,46.908843,15.037018
Millrütte – Götzis,,,1075,1150,1,1,0,0,3,,,,,,3,,,,,,,,47.3431462,9.701648
Almblicklifts – Strallegg,,,800,1003,3,2,1,0,2,,,,,2,,1,,,,,2017-12-08,2018-03-18,,
Arralifts – Harmanschlag (St. Martin),,,740,860,4,2,2,0,2,,,,,2,,,,,,,,,48.65303,14.786427
Bodental – Unterbergen (Ferlach),,,1030,1200,2,1,1,0,2,,,,,2,,,,2,,,2017-12-16,2018-03-18,46.4772231,14.2285452
Holzmeisterlifts Sommeralm – St. Kathrein am Offenegg,,,1240,1400,3,2,1,0,2,,,,,2,,,,,,,,,47.3515164,15.5185013
Lechnerberg,,,770,835,1.5,1,0.5,0,2,,,,,2,,,,,,,,,47.9060043,13.322631
Maiszinken – Lunz am See,,,790,1030,4.5,2,2,0.5,2,,,,,2,,,,1,,,,,47.863931,15.068595
Nocksteinlifte – Koppl,,,694,795,1,1,0,0,2,,,,,2,,,,,,,,,47.8185355,13.1436213
Nussbaumerlifte – Hof bei Salzburg,,,756,875,1,0.5,0.5,0,2,,,,,2,,,,,,,,,47.8160114,13.2110602
Oberau (Wildschönau),,,900,1130,2,1,0,1,2,,,,,2,,,,,,,,,47.43957,12.04359
Pölzl Lifte – Kindberg,,,950,1150,4,2,1,1,2,,,,,2,,,,,,,,,47.5306829,15.4129777
Roggenboden,,,955,1000,1.2,1.2,0,0,2,,,,,2,,,,,,,,,47.4256196,12.0376455
Schmolllifte – Steinhaus am Semmering,,,840,1020,2,1.2,0.5,0.3,2,,,,,2,,,,,,,,,47.6133094,15.7921815
St. Corona am Wechsel,,,860,1200,2.5,0.5,2,0,2,,,,,2,,,,2,,,2017-12-08,2018-03-18,47.5862806,16.009009
Viehberg – Sandl,,,950,1112,3,3,0,0,2,,,,,2,,,,,,,,,48.54693,14.61387
Wimmerlifte – Purgstall bei Eggersdorf,,,450,500,0.4,0.4,0,0,2,,,,,2,,,,,,,,,47.1261442,15.5627116
Burglift – Stans,,2.6,570,690,0.5,0.5,0,0,2,,,,,1,1,2,,,,,2017-12-21,2018-03-10,,
Embach – Hörndl,,,1012,1296,3,2,1,0,2,,,,,1,1,,,,,,2017-12-22,2018-03-18,,
Feistritzsattel – Trattenbach,,,1100,1300,1.7,0,1.7,0,2,,,,,1,1,,,,,,,,47.5670005,15.8610476
Gaberl/Plankogel – Salla (Maria Lankowitz),,,1520,1600,1.2,1.2,0,0,2,,,,,1,1,,,,,,,,47.1123544,14.9162524
Gföllberglift – Holzgau,,,1108,1329,2.5,1.5,1,0,2,,,,,1,1,,,,,,2017-12-16,2018-03-18,,
Gröllerkopf – Übersaxen,,,1000,1200,3,1.5,1.5,0,2,,,,,1,1,,,,,,2017-12-16,2018-03-18,47.2583706,9.6823528
Hagenberglifte – Sulzberg,,,600,930,4.4,0.2,4.2,0,2,,,,,1,1,,,,,,,,,
Hansberg – St. Johann am Wimberg,,,740,850,1,0.5,0.5,0,2,,,,,1,1,2,,,,,,,48.4782224,14.1437318
Kesselmannlifte – Faistenau,,,800,855,0.9,0.9,0,0,2,,,,,1,1,,,,,,,,47.7829919,13.2447494
Kleinlobming,,,764,1000,1,0.2,0.8,0,2,,,,,1,1,,,,,,,,47.1492571,14.8489662
Kramsach,,2.3,575,650,0.4,0.4,0,0,2,,,,,1,1,,,,,,,,47.4435993,11.875953
Liebenau,,,940,1004,1,1,0,0,2,,,,,1,1,,,,,,,,51.4973299,9.2814946
Niedernsill,,,838,985,1,1,0,0,2,,,,,1,1,,,,,,,,47.28074,12.6475761
Oberwaldlifte – Faistenau,,,802,917,1.1,0.8,0.3,0,2,,,,,1,1,,,,,,,,47.7882632,13.251522
Raxalpe – Reichenau an der Rax,,,528,1600,3,1,2,0,2,1,,,,1,,,,,,,,,47.7011623,15.7401645
Reith bei Kitzbühel,,2.7,770,865,1.8,1.7,0.1,0,2,,,,,1,1,3,,,,,,,47.4766096,12.3414134
Schleppe Alm – Klagenfurt am Wörthersee,,,465,530,0.6,0.6,0,0,2,,,,1,1,,,,,,,,,46.641548,14.2866872
Schmiedhornlift – Wald (Faistenau),,,800,986,0.8,0.6,0,0.2,2,,,,,1,1,,,,,,,,47.7892055,13.241366
Schorschi-Lifte – St. Georgen am Walde,,,750,787,1,1,0,0,2,,,,,1,1,,,,,,,,48.3592841,14.8971214
Schwoich,,,600,696,0.6,0.6,0,0,2,,,,,1,1,,,,,,,,47.5450736,12.1405215
Siebenseelift – Wildalpen,,,670,840,1,1,0,0,2,,,,,1,1,,,,,,,,,
Silvretta Bielerhöhe – Partenen,,,,1920,2,2,0,0,2,1,,,,1,,,,,,,2017-12-22,2018-05-01,46.919662,10.0783183
Sternstein – Bad Leonfelden,,2.7,814,1102,5,1,4,0,2,,,1,,1,,1,,,,,2017-12-01,2018-04-02,48.5537438,14.2856876
Tirolina (Haltjochlift) – Hinterthiersee,,2.5,852,1077,4,2,1.2,0.8,2,,,,,1,1,,,,,,2017-12-16,2018-03-18,,
Tonnerhütte – Mühlen,,,1640,1820,4,3,1,0,2,,,,,1,1,,,,,,,,47.0518253,14.5306248
Waldskilift – Wald (Faistenau),,,802,944,0.8,0.8,0,0,2,,,,,1,1,,,,,,,,,
Zlaim – Grundlsee,,,760,900,1,1,0,0,2,,,,,1,1,,,,,,,,47.6171527,13.8350939
Zwölferhorn – St. Gilgen,,,560,1522,7,1,5,1,2,,1,,,1,,,,,,,2017-12-23,2018-03-18,47.7333333,13.35
Annerlbauerlifte – Krieglach,,,920,970,0.5,0.5,0,0,2,,,,,,,,,,,,,,47.5751111,15.555368
Arabichl – Kirchberg am Wechsel,,,1350,1593,2,2,0,0,2,,,,,,,,,,,,,,47.573866,15.9079862
Aschaulift – Koppl,,,765,780,0.5,0.5,0,0,2,,,,,,2,,,,,,,,,
Bachrain – Golling an der Salzach,,,845,960,0.5,0.5,0,0,2,,,,,,,,,,,,,,47.6098925,13.2156213
Birkenlift,,,1180,1236,1,1,0,0,2,,,,,,,1,,,,,,,47.3368861,11.1788638
Boden (Pfafflar),,,1350,1400,1,1,0,0,2,,,,,,2,,,,,,,,47.28359,10.6063199
Frauenstaffl – Ulrichsberg (Waidhofen an der Thaya),,,510,600,0.8,0.8,0,0,2,,,,,,,,,,,,,,,
Gries (Längenfeld),,,1600,1700,0.5,0.5,0,0,2,,,,,,,,,,,,,,47.0710139,11.0240195
Gut Enghagen – Roßleithen,,,630,690,0.5,0.5,0,0,2,,,,,,,,,,,,,,47.719135,14.2618376
Hammerbodenlift – Großreifling (Landl),,,500,520,0.4,0.4,0,0,2,,,,,,2,,,,,,,,,
Hartmannsdorf,,,345,405,0.4,0.4,0,0,2,,,,,,,,,,,,,,50.8866383,12.8009793
Heumöser – Ebnit (Dornbirn),,,1070,1250,3,0,3,0,2,,,,,,,,,,,,,,47.3452657,9.7440418
Hochbärneck – St. Anton an der Jeßnitz,,,800,1100,5,3,2,0,2,,,,,,,,,,,,,,47.920833,15.2075
Jöchelspitze – Bach,,,1200,1800,5,2.5,2.5,0,2,,,,1,,1,,,,,,2017-12-22,2018-04-02,47.2676309,10.3834984
Kirchbach (Rappottenstein),,,680,750,0.7,0.7,0,0,2,,,,,,,,,,,,,,48.5375859,15.0512583
Krähenberg – Sibratsgfäll,,,900,1100,2,1,1,0,2,,,,,,,,,,,,,,47.41238,10.04323
Mönchdorf (Königswiesen),,,630,700,1,1,0,0,2,,,,,,,,,,,,,,48.36011,14.79367
Prägraten am Großvenediger,,,1312,1440,2,1,0.5,0.5,2,,,,,,,,,,,,,,47.0158273,12.3809547
Rettenbach (Bernstein),,,452,568,0.5,0.5,0,0,2,,,,,,2,,,,,,,,47.40848,16.24289
Schneiderkopf – Buch,,,725,900,1.5,1,0.5,0,2,,,,,,,,,,,,,,47.4811041,9.8178696
Schuttannen – Hohenems,,,1150,1320,10,3,7,0,2,,,,,,,,,,,,,,47.3724,9.73174
Sonntag-Stein,,,,1300,7,4,3,0,2,1,,,1,,,1,,,,,2017-12-16,2018-04-02,47.23235,9.91826
Spitzeralm – Sankt Lorenzen bei Knittelfeld,,,920,1030,2,1,0.5,0.5,2,,,,,,,,,,,,,,47.2780074,14.9854822
Wildwiese – Miesenbach bei Birkfeld,,,1100,1256,2,1,1,0,2,,,,,,,,,,,,,,47.3880097,15.7702543
Ahornlift,,,1220,1250,0.5,0.5,0,0,1,,,,,1,,,,,,,,,47.3321951,10.1613774
Archenstadel – Rinn,,2.4,918,1004,1,1,0,0,1,,,,,1,,1,,,,,,,,
Arnreit,,,530,570,0.5,0.5,0,0,1,,,,,1,,,,,,,,,48.5258601,13.9960133
Baienberg – Reuthe,,,650,810,0.7,0,0.3,0.4,1,,,,,1,,,,,,,,,47.3794004,9.8849437
Birgitz,,,875,940,1,1,0,0,1,,,,,1,,,,,,,,,47.2354522,11.2995002
Böglerlift – Alpbach,,,985,1040,0.3,0.3,0,0,1,,,,,1,,,,,,,,,,
Brandlift – Scharnitz,,,964,1050,1,1,0,0,1,,,,,1,,,,,,,,,47.382137,11.262617
Brenneralm – Breitenfurt bei Wien,,,385,475,0.8,0.8,0,0,1,,,,,1,,,,,,,,,48.129957,16.144849
Bruggen (Greifenburg),,,590,660,0.3,0.3,0,0,1,,,,,1,,,,,,,,,46.7325026,13.1927632
Buchsteinlift – Reiflingviertel (St. Gallen),,,530,600,1,0,1,0,1,,,,,1,,,,,,,,,,
Bungerloch – Tarrenz,,,850,950,0.3,0,0.3,0,1,,,,,1,,1,,,,,,,,
Dellach im Drautal,,,610,650,0.5,0.5,0,0,1,,,,,1,,,,,,,,,46.7383261,13.0846198
Eibisberg – Anger,,,1000,1200,3.1,1.5,1,0.6,1,,,,,1,,,,,,,,,47.27461,15.69415
Eichfeldlift – Turnau,,,784,850,0.5,0.5,0,0,1,,,,,1,,,,,,,,,47.5618192,15.3412695
Feichten,,,1275,1310,0.3,0.3,0,0,1,,,,,1,,1,,,,,,,47.03012,10.74558
Floitenlift – Ginzling,,,990,1020,0.2,0.2,0,0,1,,,,,1,,,,,,,,,,
Gaisrückleiten – Wiesen,,,340,380,0.3,0.3,0,0,1,,,,,1,,,,,,,,,47.741664,16.3342274
Geigenbühel,,,1180,1230,1.5,1.5,0,0,1,,,,,1,,2,,,,,,,47.3342709,11.1835094
Glasenberg – Maria Neustift,,,780,971,4,3,1,0,1,,,,,1,,,,,,,,,47.9462991,14.5852028
Griminitzen (Kirchbach),,,390,460,1,1,0,0,1,,,,,1,,,,,,,,,46.62823,13.1021
Grünberg – Obsteig,,,1030,1102,1.3,1,0.3,0,1,,,,,1,,5,,,,,2017-12-16,2018-03-11,47.2929349,10.915121
Grunholzlift – Au,,,800,900,1,1,0,0,1,,,,,1,,1,,,,,,,,
Hinterfeld – Mösern (Telfs),,,1235,1265,0.3,0.3,0,0,1,,,,,1,,,,,,,,,,
Hittisberg – Hittisau,,,800,1000,1.9,1,0.9,0,1,,,,,1,,,,,,,2017-12-22,2018-03-11,47.4469123,9.9837507
Hohe Wand Wiese – Vienna (High Hills),,2.3,268,370,0.5,0.1,0.4,0,1,,,,,1,,1,,,,,,,48.2298045,16.2026481
Hrastlift – Feistritz an der Gail,,,555,660,0.5,0.5,0,0,1,,,,,1,,,,,,,,,46.5743471,13.616167
Hüttegglift – Weerberg,,,1250,1500,1.5,1.5,0,0,1,,,,,1,,,,,,,,,47.2894512,11.6756431
Hütten – Bizau,,,742,766,0.3,0.3,0,0,1,,,,,1,,,,,,,,,47.3683362,9.9491024
Johnsbach (Admont),,,870,1005,1.2,1.2,0,0,1,,,,,1,,,,,,,,,47.5462418,14.5844325
Kaiserlindenlift – Gams bei Hieflau,,,530,650,0.8,0.8,0,0,1,,,,,1,,,,,,,,,,
Karlift – Heiterwang,,,1050,1233,2,2,0,0,1,,,,,1,,,,,,,,,47.4183954,10.7599604
Katschwald (Obdach),,,1200,1277,0.5,0.5,0,0,1,,,,,1,,,,,,,,,47.0982167,14.6342285
Kohleck (Waldzell),,,660,750,0.8,0.5,0.3,0,1,,,,,1,,1,,,,,,,48.10696,13.38273
Kolsassberg,,,750,810,1.5,1.5,0,0,1,,,,,1,,1,,,,,,,47.28147,11.65295
Konradshüttle – Vils,,,922,1102,1,1,0,0,1,,,,,1,,,,,,,,,47.5361381,10.6445875
Kronberg – St. Georgen im Attergau,,,560,680,1,0.5,0.5,0,1,,,,,1,,,,,,,,,47.9036604,13.4828063
Krößbach,,,1102,1168,0.4,0.4,0,0,1,,,,,1,,,,,,,,,47.0813389,11.2670017
Lainach (Rangersdorf),,,870,950,0.3,0.3,0,0,1,,,,,1,,,,,,,,,46.84874,12.92832
Lammertallift – Annaberg-Lungötz,,,800,1000,1.4,1.4,0,0,1,,,,,1,,,,,,,,,,
Lana Lift – Anras,,,1260,1360,1,0.5,0.5,0,1,,,,,1,,,,,,,,,,
Lengau,,,1160,1193,0.3,0.3,0,0,1,,,,,1,,,,,,,,,48.0050198,13.2180655
Lessach,,,1210,1410,1,1,0,0,1,,,,,1,,,,,,,,,47.1886652,13.8067484
Mathon,,,1450,1490,1,1,0,0,1,,,,,1,,,,,,,,,44.8522693,0.4837497
Mitteldorflift – Döllach (Großkirchheim),,,1060,1145,0.6,0.6,0,0,1,,,,,1,,,,,,,,,,
Moosberglift – Weißenbach am Lech,,,858,1050,0.7,0.7,0,0,1,,,,,1,,,,,,,,,47.4379265,10.6340635
Moosetallift – Leisach,,,715,835,0.7,0.7,0,0,1,,,,,1,,,,,,,,,,
Mühldorf,,,620,680,0.5,0.5,0,0,1,,,,,1,,,,,,,,,48.2457722,12.5219895
Mühlegglift – Hopfgarten in Defereggen,,,1097,1155,0.5,0.5,0,0,1,,,,,1,,,,,,,,,,
Navis,,,1395,1585,0.7,0,0.7,0,1,,,,,1,,,,,,,,,44.045698,-121.306459
Neuleutasch (Leutasch),,,1200,1250,0.5,0.5,0,0,1,,,,,1,,,,,,,,,47.3498754,11.1818923
Obdach,,,895,1220,4.3,0.3,2,2,1,,,,,1,,,,1,,,,,47.065207,14.6963318
Obervellach,,,670,720,1,1,0,0,1,,,,,1,,,,,,,,,46.9312327,13.2001823
Oberzeiring (Pölstal),,,932,980,0.4,0.4,0,0,1,,,,,1,,,,,,,,,47.2515626,14.4866199
Paluda – Dalaas,,,850,1150,4.7,2,1.5,1.2,1,,,,,1,,,,,,,,,47.1207042,10.0026677
Petersbründl – St. Michael im Lungau,,,1050,1240,1,0.5,0.5,0,1,,,,,1,,,,,,,,,47.0907656,13.6267098
Pirstingerkogellift Sommeralm – Hohenau an der Raab (Passail),,,1320,1424,2,0.5,1,0.5,1,,,,,1,,1,,,,,2017-12-08,2018-03-18,47.2812703,15.4881801
Raunigwiese – Kolbnitz (Reisseck),,,726,800,1,1,0,0,1,,,,,1,,,,,,,,,46.8709521,13.3136916
Rettenegg,,,870,900,0.3,0.3,0,0,1,,,,,1,,,,,,,,,47.5263354,15.7808787
Rossbachlift – Nassereith,,,910,1030,0.5,0,0.5,0,1,,,,,1,,,,,,,,,,
Rotecklift – Tobadill,,,1136,1307,3,2,1,0,1,,,,,1,,,,,,,,,,
Saualpe – Eberstein,,,1650,1780,1,1,0,0,1,,,,,1,,,,,,,2017-12-25,2018-03-18,46.8333333,14.6666668
Schatzerlift – Kirchberg,,,822,870,0.7,0.7,0,0,1,,,,,1,,,,,,,,,47.4448182,12.3115613
Schnee-Erlebnisland Flattach,,,715,775,0.2,0.2,0,0,1,,,,,1,,1,,,,,,,,
Schwannerlift – Weerberg,,,900,1000,1,1,0,0,1,,,,,1,,,,,,,,,47.3021282,11.674632
Sonnenberglift – Gries im Sellrain,,,1185,1275,0.6,0.6,0,0,1,,,,,1,,1,,,,,,,47.1963978,11.1571958
Sonnenberglift – Milders,,,1037,1149,0.4,0,0.4,0,1,,,,,1,,,,1,,,,,,
Sonnenlift – Praxmar,,,1720,1791,0.4,0.4,0,0,1,,,,,1,,,,,,,,,47.1501112,11.1335057
Spechtenseelift – Pürgg (Stainach-Pürgg),,,1000,1212,2.7,0.2,2.5,0,1,,,,,1,,,,,,,,,47.5614913,14.0832574
St. Hemma – Edelschrott,,,1007,1135,1.8,0.9,0.9,0,1,,,,,1,,,,,,,,,47.024153,14.986897
Stadtwaldlift – Rottenmann,,,788,910,0.6,0.6,0,0,1,,,,,1,,,,,,,,,,
Stoaninger Alm – Schönau im Mühlkreis,,,722,814,1.2,1.2,0,0,1,,,,,1,,,,,,,,,48.401462,14.719775
Stockerfeldlift Mößna – St. Nikolai im Sölktal (Sölk),,,1001,1096,0.4,0.4,0,0,1,,,,,1,,,,,,,,,,
Trins,,2.5,1189,1268,1,1,0,0,1,,,,,1,,,,,,,,,47.0840436,11.4209635
Tschardund – Nenzing,,,530,688,1.2,1.2,0,0,1,,,,,1,,,,,,,,,,
Vögelsberg (Wattens),,,870,976,0.5,0.5,0,0,1,,,,,1,,,,,,,,,47.2637155,11.5954385
Waldrastlift – Ehenbichl,,,850,965,0.5,0.5,0,0,1,,,,,1,,,,,,,,,47.4802423,10.720831
Wiesinger Bühel – Wiesing,,,620,670,1,1,0,0,1,,,,,1,,,,,,,,,,
Wildentallift,,,1200,1320,2,1.5,0.5,0,1,,,,,1,,,,,,,,,,
Zellenberg – Kukmirn,,,300,360,0.3,0.3,0,0,1,,,,,1,,,,,,,,,47.0719,16.18715
Zenitzen – Winklern,,,930,1000,0.3,0.3,0,0,1,,,,,1,,,,,,,,,,
Alfaierlift – Gschnitz,,2,1265,1350,0.5,0.3,0.2,0,1,,,,,,1,,,,,,,,47.0346551,11.3355732
Astenberg – Wiesing,,,720,745,1,1,0,0,1,,,,,,1,,,,,,,,47.4182815,11.7968165
Astenlift – St. Veit im Pongau,,,760,820,0.7,0.7,0,0,1,,,,,,,,,,,,,,47.3292566,13.1539056
Bad Häring,,,650,685,0.3,0.3,0,0,1,,,,,,,,,,,,,,47.5108796,12.1185066
Baldramsdorf,,,560,590,0.5,0.5,0,0,1,,,,,,1,,,,,,,,46.8025191,13.448398
Berger Anger – Berg im Drautal,,,670,686,0.2,0.2,0,0,1,,,,,,1,,,,,,,,,
Bonka – Kirchbach (St. Andrä-Wördern),,,370,390,0.2,0.2,0,0,1,,,,,,,,,,,,,,48.283668,16.202807
Brandlwiese – Kaumberg,,,420,460,0.5,0.5,0,0,1,,,,,,,,,,,,,,,
Braz (Innerbraz),,,706,750,0.5,0.5,0,0,1,,,,,,,,,,,,,,47.14626,9.91446
Breitenwang,,,800,850,0.2,0.2,0,0,1,,,,,,1,,,,,,,,47.4888473,10.7379683
Bschlabs (Pfafflar),,,1350,1400,1,1,0,0,1,,,,,,,,,,,,,,47.31164,10.57772
Dollwiese – Vienna,,,320,350,0.2,0.2,0,0,1,,,,,,1,,,,,,,,,
Dorflift Sulzberg,,,970,1007,0.4,0.4,0,0,1,,,,,,,,,,,,,,47.5214808,9.909067
Eugendorf,,,650,800,1,1,0,0,1,,,,,,,,,,,,,,47.8688068,13.1287727
Feichtecklift Brandlucken – St. Kathrein am Offenegg,,,1050,1220,3,1,1,1,1,,,,,,,,,,,,,,,
Fellachlift – Virgen,,,1100,1200,1,1,0,0,1,,,,,,,,,,,,,,47.0000613,12.459712
Försterkogel – Puchenstuben,,,880,930,0.5,0.5,0,0,1,,,,,,,,,,,,,,,
Gedersberg – Seiersberg,,,378,403,0.3,0.3,0,0,1,,,,,,1,,,,,,,,47.0172355,15.3762544
Gramais,,,1325,1380,0.2,0.2,0,0,1,,,,,,,,,,,,,,47.2691521,10.5347818
Hallstatt,,,550,580,0.3,0.3,0,0,1,,,,,,,,,,,,,,47.5622342,13.6492617
Häselgehr,,,1000,1025,0.2,0.2,0,0,1,,,,,,,,,,,,,,47.308851,10.4902025
Jauerling – Maria Laach am Jauerling,,,825,959,0.5,0.5,0,0,1,,,,,,,,,,,,,,48.3046828,15.3432125
Kaisers,,,1520,1540,0.2,0.2,0,0,1,,,,,,,,,,,,,,42.3861545,-87.9232656
Kirchdorflift – Doren,,,720,797,0.7,0,0.3,0.4,1,,,,,,,,,,,,,,,
Königswiesen,,,580,690,0.5,0.5,0,0,1,,,,,,,,,,,,,,48.4069966,14.8405221
Langkampfen,,,520,543,0.2,0.2,0,0,1,,,,,,1,,,,,,,,47.5433293,12.1007604
Lärchenhof – Erpfendorf,,,650,789,1,0.5,0.5,0,1,,,,,,,,,,,,,,47.5792742,12.5010198
Muckenkogel – Lilienfeld,,,473,1134,3,2,1,0,1,,,,1,,,,,,,,,,47.9833333,15.6166667
Oswaldbauerlift – Krieglach,,,960,1000,0.5,0.5,0,0,1,,,,,,,,,,,,,,47.5724557,15.5356518
Parfußwirtlifte – Trahütten (Deutschlandsberg),,,700,1100,4,3,1,0,1,,,,,,,,,,,,,,46.8285065,15.125631
Patschalift – St. Kathrein am Offenegg,,,1000,1200,2.5,1,1.5,0,1,,,,,,,,,,,,,,,
Platzhaus-Leit'n – Stuhlfelden,,,800,850,0.3,0.3,0,0,1,,,,,,1,,,,,,,,,
Predigstuhl – Bad Goisern am Hallstättersee,,,1004,1050,1,1,0,0,1,,,,,,,,,,,,,,47.6596847,13.6391526
Schnifisberg – Schnifis,,,650,1350,2,0,0,2,1,1,,,,,,,,,,,,,47.2237538,9.7400024
St. Kathrein am Offenegg,,,972,1100,1,1,0,0,1,,,,,,,,,,,,,,47.3011547,15.5759172
Tauchnerfeld – Stall,,,850,880,0.2,0.2,0,0,1,,,,,,1,,,,,,,,,
Thalgauberg – Thalgau,,,770,913,1,1,0,0,1,,,,,,,,,,,,,,47.85231,13.26388
Tockneralmlift Krakauebene – Krakauhintermühlen (Krakau),,,1220,1450,3,1,2,0,1,,,,,,,,,,,,,,47.1896881,13.9792313
Tragöß-Sankt Katharein,,,750,810,0.4,0.4,0,0,1,,,,,,,,,,,,,,47.4691925,15.1651016
Trausmühle – Ottenschlag,,,802,892,0.8,0.8,0,0,1,,,,,,,,,,,,,,48.4383391,15.210383
Untersberg – Grödig,,,469,1776,7.5,0,0,7.5,1,1,,,,,,,,,,,,,47.7265952,13.0430421
Vals,,,1340,1370,0.3,0.3,0,0,1,,,,,,1,,,,,,,,39.7662331,-75.1437268
Waldheimhütte – Sankt Anna am Lavantegg,,,1614,1720,0.5,0.5,0,0,1,,,,,,,,,,,,,,47.0569472,14.6301023
Wiesenhofer – Miesenbach bei Birkfeld,,,800,900,1,1,0,0,1,,,,,,,,,,,,,,47.3639135,15.7557135
Wildstättlift – Wattenberg,,,1200,1317,0.8,0.8,0,0,1,,,,,,,,,,,,,,,
Zederhaus,,,1250,1350,1,1,0,0,1,,,,,,,,,,,,,,47.1542315,13.5047896
Bichlalm,,,907,1600,,,,,,,,,1,,,,,,,,,,47.4405588,12.4512841
Schneeerlebniswelt Seestadt Aspern – Vienna (dry slopes),,,150,170,0.2,0.2,0,0,,,,,,,,,,,,,,,48.2335014,16.5066142